{
  "Total" : {
    "transaction" : "Total",
    "sampleCount" : 127142,
    "errorCount" : 1,
    "errorPct" : 7.8652217E-4,
    "meanResTime" : 472.5651712258686,
    "medianResTime" : 90.5,
    "minResTime" : 14.0,
    "maxResTime" : 15395.0,
    "pct1ResTime" : 218.0,
    "pct2ResTime" : 286.0,
    "pct3ResTime" : 405.0,
    "throughput" : 1869.735294117647,
    "receivedKBytesPerSec" : 1411.1941205193016,
    "sentKBytesPerSec" : 428.6051240808824
  },
  "Shorten Url" : {
    "transaction" : "Shorten Url",
    "sampleCount" : 63774,
    "errorCount" : 1,
    "errorPct" : 0.0015680371,
    "meanResTime" : 455.59173017216733,
    "medianResTime" : 65.0,
    "minResTime" : 14.0,
    "maxResTime" : 9051.0,
    "pct1ResTime" : 285.0,
    "pct2ResTime" : 332.0,
    "pct3ResTime" : 468.0,
    "throughput" : 937.8529411764706,
    "receivedKBytesPerSec" : 384.6670496323529,
    "sentKBytesPerSec" : 282.0885799632353
  },
  "Resolve Short Url" : {
    "transaction" : "Resolve Short Url",
    "sampleCount" : 63368,
    "errorCount" : 0,
    "errorPct" : 0.0,
    "meanResTime" : 489.64736144425336,
    "medianResTime" : 114.0,
    "minResTime" : 81.0,
    "maxResTime" : 15395.0,
    "pct1ResTime" : 330.0,
    "pct2ResTime" : 376.0,
    "pct3ResTime" : 519.9900000000016,
    "throughput" : 985.7353970599673,
    "receivedKBytesPerSec" : 1085.8495888669597,
    "sentKBytesPerSec" : 154.98366648518316
  }
}